mandana,7.5
hamid,6.066666666666666
sara,11.285714285714286
ali,5
sarvin,11.375
