sarvin, 11.375
sara, 11.285714285714286
mandana, 7.5
hamid, 6.066666666666666
ali, 5
